{
    "Resource to Resource Relationship Types": {
        "7ebda16d-4955-414d-b8ae-e302873b930a": "Historic Resource/District - Actor", 
        "1f8f33c9-0c70-42eb-8892-514a8428ce16": "Historic Resource/District - Historic Resource/District", 
        "00112ac7-c619-4a76-a0f7-c0fa52d40168": "Historic Resource/District - Historical Event/Activity", 
        "5a4c42b4-b884-4d7c-8d52-cffcebf75df8": "is a contributor to / has as a contributor", 
        "b20b077a-4415-470f-afbb-9d91a4c766b3": "is a non-contributor to / has as a non-contributor", 
        "44b37b9e-a66a-432c-8ebc-6a7df4aaad96": "is a potential contributor to / has as a possible contributor", 
        "8f8dc7d7-52d2-487c-b07f-b7cbf80c9c0b": "is an altered contributor to / has as a altered contributor", 
        "f1029490-203e-4708-9084-dbd13e60550e": "is contained within / contains", 
        "4e08af83-1153-4432-8222-6a1802b34496": "is created by / created", 
        "3775f52e-a78d-4bc0-b582-3de9fe8310e7": "is referred to in / refers to", 
        "ac41d9be-79db-4256-b368-2f4559cfbe55": "is related to", 
        "3fd5b5a3-9060-4db4-84be-dbf87c44a46f": "is represented by / represents", 
        "0bf5d189-9697-423d-b0f0-73bb9089b9ec": "was assessed in / assessed", 
        "d39a496f-5334-4d47-af40-70c6eb3c2c89": "was built by / built", 
        "626f624f-8256-4c6e-9e49-e85c4aaa5bd8": "was designed by /designed", 
        "75fa2838-3501-49d4-8284-836ec58e4521": "was identified in / identified", 
        "87c443ab-754d-4abe-8d66-f8993fbc2fd0": "was made significant by / contributed to the significance of", 
        "f14071a9-c94f-4629-9c85-308a952f0a4f": "was made significant by / contributed to the significance of", 
        "8e0abafa-aa37-425d-b1aa-962d89d19981": "was occupied by / occupied", 
        "00c95fe8-4d88-428b-948f-cc1932593971": "was owned by / owned", 
        "badf8662-7507-43e4-b3ac-049fa38c5470": "was surveyed by / surveyed", 
        "b5888bbd-78ae-45bf-9bd6-ee89c5d1d11b": "was the location of / took place at"
    }, 
    "3D File Format": {
        "a4d86356-ac3a-41e9-b824-546930226745": "3DS", 
        "6422e69d-e1c9-4b69-8571-793748303f27": "DAE", 
        "1ae86fa2-1d43-4279-970d-73e1edb40421": "DP", 
        "d0d81d49-4c45-4b4c-b613-123efc57bce9": "E57", 
        "0588cdf9-d058-488b-8d65-f5ffd5c080cb": "FLS", 
        "6cf63285-fb7e-45f4-bb0f-3798997bdb76": "IGS", 
        "d3f3817f-046a-4100-bf33-3dc5527418b6": "LAS", 
        "88a15b7a-61fe-4544-86a0-d06ece56d449": "Model", 
        "187730e1-8e11-4498-ab7c-c964efe388fe": "NXS", 
        "8c7e7554-5575-4254-8d14-4cdd8d94c4cd": "OBJ", 
        "def24b4a-a82a-4c67-9f64-3862d226670c": "PLY", 
        "d3dd7d2d-cca0-42d2-a8e1-e14f511b16f6": "POD", 
        "8324c530-452b-4ff8-b92c-f09a910fb74c": "PTS", 
        "958eccbd-d315-4184-a0bc-bbd3a3d47101": "PTX", 
        "d0c8abea-eada-4abc-9251-39f253c8f102": "Point Cloud", 
        "1749c8af-0eb6-449d-8320-8f784eb7d7a1": "RCP", 
        "9fdfa861-6207-41e3-b596-27e03f1bd907": "SKP", 
        "ce8e9f23-4ab7-47e3-b706-9761224d8d33": "STL", 
        "a277e8ea-4446-49f1-bf65-62ccdc528237": "VRML", 
        "d289cddd-30ab-4607-8d53-f7058264e345": "WRP", 
        "5ff2a3af-f5f9-456c-8db5-6372a2a44b86": "X3D", 
        "cf8627fc-b94e-462f-8f5f-ca81fe876160": "XYZ", 
        "01874b8b-24c4-4f0e-bb00-3ad868b6f56e": "ZTL"
    }, 
    "Length Unit": {
        "41722438-4e84-45ed-a3b5-f12e04dcfd5c": "Centimeter", 
        "04705f94-7f76-4021-8490-12546cd323f9": "Foot", 
        "5509b823-7ace-4253-a3e5-0ebb5b976392": "Inch", 
        "928219af-a567-40c0-a9ad-8640c8afc800": "Kilometer", 
        "7cc864d3-8652-45b4-8adf-cfebbcb9c339": "Length", 
        "b7611b55-55e2-4889-b923-687a89765c02": "Meter", 
        "b3417855-0f50-47ac-9278-2ce9710eae20": "Metric", 
        "33ca9ce0-1102-48a4-a1f9-dbb01da2c29f": "Micrometer", 
        "b555a5f5-4ac5-43c9-b6f0-8582e06bd2b1": "Mile", 
        "bd87e569-754e-4738-ad22-887be1feb92b": "Millimeter", 
        "ef0b3249-c6ac-4cba-83b0-e5009bcc74d2": "US Customary", 
        "9eb07bbd-70d6-4929-8d0f-fdd2ffdbf616": "Yard"
    }
}