{
    "Right Type": {
        "683e717a-2f19-4f6a-a533-281ddcec44d7": "Copyright - All Rights Reserved", 
        "280e2f65-b9fb-422d-87b2-a0f39acdb756": "Copyright License (e.g. Creative Commons)", 
        "48354950-39db-4aaa-b106-fc3c3a768dc0": "No Known Copyright Restriction", 
        "0626e637-43dd-4e15-9e27-b5afc1678891": "Public Domain"
    }, 
    "Resource to Resource Relationship Types": {
        "7ebda16d-4955-414d-b8ae-e302873b930a": "Historic Resource/District - Actor", 
        "1f8f33c9-0c70-42eb-8892-514a8428ce16": "Historic Resource/District - Historic Resource/District", 
        "00112ac7-c619-4a76-a0f7-c0fa52d40168": "Historic Resource/District - Historical Event/Activity", 
        "5a4c42b4-b884-4d7c-8d52-cffcebf75df8": "is a contributor to / has as a contributor", 
        "b20b077a-4415-470f-afbb-9d91a4c766b3": "is a non-contributor to / has as a non-contributor", 
        "44b37b9e-a66a-432c-8ebc-6a7df4aaad96": "is a potential contributor to / has as a possible contributor", 
        "8f8dc7d7-52d2-487c-b07f-b7cbf80c9c0b": "is an altered contributor to / has as a altered contributor", 
        "f1029490-203e-4708-9084-dbd13e60550e": "is contained within / contains", 
        "4e08af83-1153-4432-8222-6a1802b34496": "is created by / created", 
        "3775f52e-a78d-4bc0-b582-3de9fe8310e7": "is referred to in / refers to", 
        "ac41d9be-79db-4256-b368-2f4559cfbe55": "is related to", 
        "3fd5b5a3-9060-4db4-84be-dbf87c44a46f": "is represented by / represents", 
        "0bf5d189-9697-423d-b0f0-73bb9089b9ec": "was assessed in / assessed", 
        "d39a496f-5334-4d47-af40-70c6eb3c2c89": "was built by / built", 
        "626f624f-8256-4c6e-9e49-e85c4aaa5bd8": "was designed by /designed", 
        "75fa2838-3501-49d4-8284-836ec58e4521": "was identified in / identified", 
        "87c443ab-754d-4abe-8d66-f8993fbc2fd0": "was made significant by / contributed to the significance of", 
        "f14071a9-c94f-4629-9c85-308a952f0a4f": "was made significant by / contributed to the significance of", 
        "8e0abafa-aa37-425d-b1aa-962d89d19981": "was occupied by / occupied", 
        "00c95fe8-4d88-428b-948f-cc1932593971": "was owned by / owned", 
        "badf8662-7507-43e4-b3ac-049fa38c5470": "was surveyed by / surveyed", 
        "b5888bbd-78ae-45bf-9bd6-ee89c5d1d11b": "was the location of / took place at"
    }, 
    "Identifier Type": {
        "d796303e-5075-4a57-ad9c-226775cf1f4f": "ARK", 
        "61bc441a-dad2-4cdb-9c9b-f0112c352731": "DOI", 
        "24bcc5d3-ba51-42bd-a9c6-44d5bd6ed681": "HANDLE", 
        "5c340034-fa93-4131-ade8-f670da714bad": "ISBN", 
        "c8d1e199-ccfc-4882-b551-8d85c37c04e6": "ISSN", 
        "77569746-6bf0-4c73-949d-496115fc9cea": "POI", 
        "fb795aad-a09c-4fd0-87ce-3012c2f3d631": "PURL", 
        "acab77ad-dbee-4448-8ce9-8e7dd2ec1651": "SICI", 
        "f39679be-899b-4472-9484-df377e43d776": "URI", 
        "763105f1-757f-431b-90ff-a0511d2ba900": "URL", 
        "b411a4a6-1db0-4745-a67a-e74cf586193e": "URN"
    }, 
    "Geometry Qualifier": {
        "a54d76df-ab3a-4213-babc-2c23f7884944": "access point", 
        "462e6f69-0336-46d2-b93f-422021f246c2": "buffer polygon", 
        "13f40c49-fc82-4d5b-8ba3-b31d97aaf1c8": "center line", 
        "be9ad0de-efbb-40a3-95e0-17a58183685d": "center point", 
        "43eebfc6-5f8d-4302-a5f0-2ac20c6f878b": "circumscribed polygon", 
        "cb8a2933-289e-453b-8f51-e9e10f60c36e": "facade point", 
        "f1b5d6cc-34c4-4ca0-8b00-53b4fc761f9b": "footprint polygon", 
        "536b57df-3f2f-4ac2-b50f-cc56c718e2d0": "perimeter polygon", 
        "559b9a05-b546-474a-9f79-7478a6a14f30": "property line", 
        "724ac5ab-7f25-4b6d-b24f-a3d5297ecbb6": "site datum point", 
        "455471fe-c24e-49ca-aee0-c31b6055cff6": "vicinity point"
    }
}